{
  "orientation": "Vertical",
  "nodeLayouts": {
    "inputs": {
      "x": 473,
      "y": 62,
      "index": -1
    },
    "outputs": {
      "x": 528.5,
      "y": 612,
      "index": -1
    },
    "generateQuestion": {
      "x": 639,
      "y": 172,
      "height": 75,
      "index": 0
    },
    "searchInfo": {
      "x": 584,
      "y": 282,
      "height": 75,
      "index": 1
    },
    "generatePromptContext": {
      "x": 584,
      "y": 392,
      "height": 75,
      "index": 2
    },
    "generatePossibleNextBestAction": {
      "x": 473,
      "y": 502,
      "height": 75,
      "index": 3
    },
    "generateCustomerSentiment": {
      "x": -99.82393952757798,
      "y": 307.8577983885412,
      "height": 75,
      "index": 4
    },
    "generatePossibleSellingOpportunity": {
      "x": -35.75869512709477,
      "y": 478.5765372680882,
      "height": 75,
      "index": 5
    },
    "generateCustomerIdentified": {
      "x": -56.969133248256114,
      "y": 174.68238593994042,
      "height": 75,
      "index": 6
    }
  },
  "viewport": {
    "transformMatrix": [
      0.6565824746780916,
      0,
      0,
      0.6565824746780916,
      70.54264924713331,
      -57.27810065965028
    ]
  }
}