{
  "nodes": {
    "generateQuestion": {
      "variant_0": {
        "inputs": {},
        "inputsValue": {}
      }
    },
    "searchInfo": {
      "variant_0": {
        "inputs": {
          "cosmosdb_nosql_connection": [],
          "cosmosdb_nosql_container_name": [],
          "cosmosdb_nosql_content_field": [],
          "cosmosdb_nosql_database_name": [],
          "cosmosdb_nosql_embedding_field": [],
          "embedding_model": [],
          "serverless_embedding_connection": [],
          "es_content_field": [],
          "es_embedding_field": [],
          "es_index_connection": [],
          "es_index_name": [],
          "es_metadata_field": [],
          "mlindex_asset_id": [],
          "mongodb_collection": [],
          "mongodb_connection": [],
          "mongodb_content_field": [],
          "mongodb_database": [],
          "mongodb_embedding_field": [],
          "mongodb_index_name": [],
          "mongodb_search_index": [],
          "pinecone_content_field": [],
          "pinecone_index_connection": [],
          "pinecone_index_name": [],
          "pinecone_index_namespace": [],
          "pinecone_metadata_field": [],
          "postgres_connection": [],
          "postgres_content_field": [],
          "postgres_embedding_field": [],
          "postgres_search_type": [],
          "postgres_table_name": [],
          "qdrant_embedding_field": [],
          "qdrant_index_connection": [],
          "qdrant_index_name": [],
          "weaviate_collection": [],
          "weaviate_connection": [],
          "weaviate_content_field": [],
          "weaviate_embedding_field": [],
          "query_type": [
            {
              "display_value": "Hybrid (vector + keyword)",
              "value": "Hybrid (vector + keyword)"
            }
          ]
        },
        "inputsValue": {
          "index_type": "Azure AI Search",
          "acs_index_connection": "hackai-aistudio-djtkhxcmyrwd6-search",
          "acs_content_field": "content",
          "acs_embedding_field": "contentVector",
          "acs_index_name": "lemon-vase-fy2xfp62yq",
          "acs_metadata_field": "meta_json_string",
          "embedding_type": "Azure OpenAI",
          "aoai_embedding_connection": "hackai-aistudio-djtkhxcmyrwd6-aiservices_aoai",
          "embedding_deployment": "text-embedding-ada-002",
          "semantic_configuration": "azureml-default"
        }
      }
    },
    "generatePromptContext": {
      "variant_0": {
        "inputs": {},
        "inputsValue": {}
      }
    },
    "generatePossibleNextBestAction": {
      "variant_0": {
        "inputs": {},
        "inputsValue": {}
      }
    },
    "generateCustomerSentiment": {
      "variant_0": {
        "inputs": {},
        "inputsValue": {}
      }
    },
    "generatePossibleSellingOpportunity": {
      "variant_0": {
        "inputs": {},
        "inputsValue": {}
      }
    },
    "generateCustomerIdentified": {
      "variant_0": {
        "inputs": {},
        "inputsValue": {}
      }
    }
  }
}